<?xml version="1.0" encoding="UTF-8"?>
<?mso-application progid="Excel.Sheet"?>
<Workbook xmlns="urn:schemas-microsoft-com:office:spreadsheet"
xmlns:o="urn:schemas-microsoft-com:office:office"
xmlns:x="urn:schemas-microsoft-com:office:excel"
xmlns:ss="urn:schemas-microsoft-com:office:spreadsheet"
xmlns:html="http://www.w3.org/TR/REC-html40">
<Worksheet ss:Name="Table1">
	<Table>
		<Column ss:Index="2" ss:AutoFitWidth="0" ss:Width="110"/>
		<Column ss:Index="3" ss:AutoFitWidth="0" ss:Width="110"/>
		<Column ss:Index="5" ss:AutoFitWidth="0" ss:Width="110"/>
		<Column ss:Index="6" ss:AutoFitWidth="0" ss:Width="110"/>
		<Row>
			<Cell><Data ss:Type="String">id</Data></Cell>
			<Cell><Data ss:Type="String">nombre</Data></Cell>
			<Cell><Data ss:Type="String">apellido</Data></Cell>
			<Cell><Data ss:Type="String">edad</Data></Cell>
			<Cell><Data ss:Type="String">fecha</Data></Cell>
			<Cell><Data ss:Type="String">provincia</Data></Cell>
		</Row>

		<Row>
			<Cell><Data ss:Type="Number">1</Data></Cell>
			<Cell><Data ss:Type="String">Aldana</Data></Cell>
			<Cell><Data ss:Type="String">Perez</Data></Cell>
			<Cell><Data ss:Type="Number">32</Data></Cell>
			<Cell><Data ss:Type="String">0000-00-00 00:00:00</Data></Cell>
			<Cell><Data ss:Type="String">Santa Cruz</Data></Cell>
		</Row>
		<Row>
			<Cell><Data ss:Type="Number">2</Data></Cell>
			<Cell><Data ss:Type="String">Belén</Data></Cell>
			<Cell><Data ss:Type="String">Ortega</Data></Cell>
			<Cell><Data ss:Type="Number">21</Data></Cell>
			<Cell><Data ss:Type="String">0000-00-00 00:00:00</Data></Cell>
			<Cell><Data ss:Type="String">Misiones</Data></Cell>
		</Row>
		<Row>
			<Cell><Data ss:Type="Number">3</Data></Cell>
			<Cell><Data ss:Type="String">Esteban</Data></Cell>
			<Cell><Data ss:Type="String">Prieto</Data></Cell>
			<Cell><Data ss:Type="Number">29</Data></Cell>
			<Cell><Data ss:Type="String">0000-00-00 00:00:00</Data></Cell>
			<Cell><Data ss:Type="String">Mendoza</Data></Cell>
		</Row>
		<Row>
			<Cell><Data ss:Type="Number">4</Data></Cell>
			<Cell><Data ss:Type="String">Lucas</Data></Cell>
			<Cell><Data ss:Type="String">Heredia</Data></Cell>
			<Cell><Data ss:Type="Number">22</Data></Cell>
			<Cell><Data ss:Type="String">0000-00-00 00:00:00</Data></Cell>
			<Cell><Data ss:Type="String">Chaco</Data></Cell>
		</Row>
		<Row>
			<Cell><Data ss:Type="Number">5</Data></Cell>
			<Cell><Data ss:Type="String">Noelia</Data></Cell>
			<Cell><Data ss:Type="String">Rivera</Data></Cell>
			<Cell><Data ss:Type="Number">23</Data></Cell>
			<Cell><Data ss:Type="String">0000-00-00 00:00:00</Data></Cell>
			<Cell><Data ss:Type="String">Santa Fe</Data></Cell>
		</Row>	</Table>
</Worksheet>
</Workbook>
